exports_id,name,exportPath,dateOfCreation,project_id
1,neque libero1,user/lib/music/neque_libero1.als,5/13/2020,714
2,vel2,user/lib/music/vel2.als,10/14/2014,795
3,ante ipsum3,user/lib/music/ante_ipsum3.als,6/24/2013,728
4,in faucibus orci4,user/lib/music/in_faucibus_orci4.als,4/7/2019,429
5,rutrum neque aenean5,user/lib/music/rutrum_neque_aenean5.als,12/23/2014,523
6,congue diam6,user/lib/music/congue_diam6.als,12/2/2015,69
7,parturient7,user/lib/music/parturient7.als,2/27/2016,109
8,cum8,user/lib/music/cum8.als,1/21/2008,517
9,eu magna9,user/lib/music/eu_magna9.als,6/25/2023,601
10,eget eleifend luctus10,user/lib/music/eget_eleifend_luctus10.als,2/6/2023,994
11,in11,user/lib/music/in11.als,12/29/2010,357
12,feugiat12,user/lib/music/feugiat12.als,6/20/2010,891
13,justo aliquam quis13,user/lib/music/justo_aliquam_quis13.als,2/3/2022,311
14,nulla14,user/lib/music/nulla14.als,1/12/2011,564
15,pretium quis lectus15,user/lib/music/pretium_quis_lectus15.als,6/10/2009,125
16,nunc16,user/lib/music/nunc16.als,5/4/2019,301
17,cubilia curae17,user/lib/music/cubilia_curae17.als,7/27/2013,226
18,tellus nulla18,user/lib/music/tellus_nulla18.als,3/4/2016,835
19,volutpat eleifend19,user/lib/music/volutpat_eleifend19.als,9/3/2013,668
20,sagittis dui vel20,user/lib/music/sagittis_dui_vel20.als,11/30/2022,569
21,est lacinia21,user/lib/music/est_lacinia21.als,6/22/2013,531
22,luctus tincidunt nulla22,user/lib/music/luctus_tincidunt_nulla22.als,4/18/2020,70
23,ligula suspendisse ornare23,user/lib/music/ligula_suspendisse_ornare23.als,9/30/2016,720
24,metus24,user/lib/music/metus24.als,12/2/2018,545
25,vel25,user/lib/music/vel25.als,7/9/2010,118
26,ut massa26,user/lib/music/ut_massa26.als,3/10/2018,833
27,at feugiat27,user/lib/music/at_feugiat27.als,11/20/2016,311
28,est28,user/lib/music/est28.als,2/26/2022,10
29,leo odio condimentum29,user/lib/music/leo_odio_condimentum29.als,4/14/2022,304
30,magna30,user/lib/music/magna30.als,7/22/2015,676
31,vel pede morbi31,user/lib/music/vel_pede_morbi31.als,7/31/2014,801
32,curabitur in libero32,user/lib/music/curabitur_in_libero32.als,3/22/2018,169
33,sollicitudin mi sit33,user/lib/music/sollicitudin_mi_sit33.als,9/4/2022,197
34,amet nunc viverra34,user/lib/music/amet_nunc_viverra34.als,4/4/2017,247
35,commodo35,user/lib/music/commodo35.als,7/24/2009,207
36,non lectus aliquam36,user/lib/music/non_lectus_aliquam36.als,6/3/2015,495
37,enim sit amet37,user/lib/music/enim_sit_amet37.als,4/20/2023,715
38,morbi non38,user/lib/music/morbi_non38.als,2/4/2019,463
39,nunc viverra dapibus39,user/lib/music/nunc_viverra_dapibus39.als,3/31/2010,737
40,natoque40,user/lib/music/natoque40.als,12/10/2010,814
41,etiam faucibus41,user/lib/music/etiam_faucibus41.als,11/4/2022,768
42,ornare consequat lectus42,user/lib/music/ornare_consequat_lectus42.als,9/2/2019,700
43,posuere cubilia43,user/lib/music/posuere_cubilia43.als,7/30/2022,262
44,convallis44,user/lib/music/convallis44.als,6/22/2010,832
45,consequat45,user/lib/music/consequat45.als,8/28/2016,691
46,pulvinar nulla pede46,user/lib/music/pulvinar_nulla_pede46.als,3/26/2020,914
47,morbi porttitor lorem47,user/lib/music/morbi_porttitor_lorem47.als,11/4/2013,626
48,nisi nam48,user/lib/music/nisi_nam48.als,7/4/2013,481
49,est49,user/lib/music/est49.als,11/4/2018,494
50,augue aliquam50,user/lib/music/augue_aliquam50.als,8/13/2023,82
51,vestibulum ante ipsum51,user/lib/music/vestibulum_ante_ipsum51.als,2/5/2015,31
52,volutpat in52,user/lib/music/volutpat_in52.als,6/8/2013,452
53,id nisl venenatis53,user/lib/music/id_nisl_venenatis53.als,8/31/2009,803
54,luctus54,user/lib/music/luctus54.als,3/21/2022,243
55,dapibus duis55,user/lib/music/dapibus_duis55.als,9/5/2011,409
56,porta56,user/lib/music/porta56.als,5/24/2015,126
57,venenatis turpis enim57,user/lib/music/venenatis_turpis_enim57.als,4/3/2016,993
58,ut erat curabitur58,user/lib/music/ut_erat_curabitur58.als,2/24/2011,31
59,tincidunt ante vel59,user/lib/music/tincidunt_ante_vel59.als,4/8/2018,500
60,bibendum felis sed60,user/lib/music/bibendum_felis_sed60.als,6/8/2008,950
61,pede ac61,user/lib/music/pede_ac61.als,3/27/2017,904
62,morbi62,user/lib/music/morbi62.als,10/1/2009,525
63,enim sit amet63,user/lib/music/enim_sit_amet63.als,11/30/2008,85
64,nulla facilisi cras64,user/lib/music/nulla_facilisi_cras64.als,12/16/2010,769
65,eros vestibulum65,user/lib/music/eros_vestibulum65.als,4/14/2022,468
66,molestie lorem66,user/lib/music/molestie_lorem66.als,8/7/2009,136
67,amet cursus id67,user/lib/music/amet_cursus_id67.als,2/18/2016,147
68,purus68,user/lib/music/purus68.als,8/31/2016,113
69,augue aliquam69,user/lib/music/augue_aliquam69.als,8/3/2021,89
70,justo aliquam70,user/lib/music/justo_aliquam70.als,7/22/2019,965
71,nam nulla71,user/lib/music/nam_nulla71.als,8/26/2022,666
72,pulvinar72,user/lib/music/pulvinar72.als,8/20/2014,751
73,quisque73,user/lib/music/quisque73.als,9/29/2013,328
74,tortor74,user/lib/music/tortor74.als,12/30/2016,315
75,consequat75,user/lib/music/consequat75.als,5/10/2021,606
76,morbi porttitor lorem76,user/lib/music/morbi_porttitor_lorem76.als,11/15/2013,934
77,lacinia erat77,user/lib/music/lacinia_erat77.als,6/23/2010,899
78,ridiculus mus78,user/lib/music/ridiculus_mus78.als,9/9/2021,815
79,massa quis79,user/lib/music/massa_quis79.als,2/14/2011,270
80,amet turpis elementum80,user/lib/music/amet_turpis_elementum80.als,2/21/2019,300
81,quis orci81,user/lib/music/quis_orci81.als,6/6/2008,571
82,nisl aenean lectus82,user/lib/music/nisl_aenean_lectus82.als,8/21/2009,496
83,interdum mauris83,user/lib/music/interdum_mauris83.als,9/28/2012,908
84,at84,user/lib/music/at84.als,4/6/2021,958
85,semper rutrum85,user/lib/music/semper_rutrum85.als,2/8/2021,276
86,morbi86,user/lib/music/morbi86.als,8/21/2022,739
87,eget eleifend luctus87,user/lib/music/eget_eleifend_luctus87.als,6/3/2014,820
88,at velit eu88,user/lib/music/at_velit_eu88.als,4/21/2019,820
89,eu massa89,user/lib/music/eu_massa89.als,10/10/2016,230
90,amet90,user/lib/music/amet90.als,10/31/2022,753
91,phasellus in91,user/lib/music/phasellus_in91.als,8/22/2019,155
92,leo92,user/lib/music/leo92.als,7/15/2013,722
93,et ultrices93,user/lib/music/et_ultrices93.als,8/3/2012,882
94,ante ipsum94,user/lib/music/ante_ipsum94.als,3/11/2009,628
95,tincidunt nulla95,user/lib/music/tincidunt_nulla95.als,4/18/2019,365
96,elit ac96,user/lib/music/elit_ac96.als,6/10/2014,324
97,lorem vitae97,user/lib/music/lorem_vitae97.als,10/15/2017,694
98,magnis dis98,user/lib/music/magnis_dis98.als,11/28/2019,348
99,luctus nec99,user/lib/music/luctus_nec99.als,9/9/2013,527
100,vel augue vestibulum100,user/lib/music/vel_augue_vestibulum100.als,10/28/2015,687
101,consequat metus101,user/lib/music/consequat_metus101.als,12/26/2011,68
102,donec pharetra102,user/lib/music/donec_pharetra102.als,1/10/2013,736
103,montes nascetur103,user/lib/music/montes_nascetur103.als,9/23/2021,668
104,tellus104,user/lib/music/tellus104.als,10/23/2022,532
105,tincidunt105,user/lib/music/tincidunt105.als,6/21/2019,881
106,in106,user/lib/music/in106.als,9/30/2022,228
107,pede venenatis non107,user/lib/music/pede_venenatis_non107.als,10/24/2008,84
108,sagittis nam congue108,user/lib/music/sagittis_nam_congue108.als,5/23/2016,395
109,mauris lacinia109,user/lib/music/mauris_lacinia109.als,7/26/2010,599
110,in sagittis dui110,user/lib/music/in_sagittis_dui110.als,7/19/2015,889
111,vel lectus in111,user/lib/music/vel_lectus_in111.als,11/27/2014,934
112,orci pede112,user/lib/music/orci_pede112.als,5/21/2014,986
113,eget eros elementum113,user/lib/music/eget_eros_elementum113.als,7/7/2019,498
114,id pretium114,user/lib/music/id_pretium114.als,6/25/2008,820
115,mattis egestas metus115,user/lib/music/mattis_egestas_metus115.als,3/22/2008,894
116,et116,user/lib/music/et116.als,9/8/2008,948
117,lobortis117,user/lib/music/lobortis117.als,3/29/2020,226
118,sapien118,user/lib/music/sapien118.als,2/28/2012,337
119,justo maecenas rhoncus119,user/lib/music/justo_maecenas_rhoncus119.als,11/9/2010,557
120,erat120,user/lib/music/erat120.als,9/8/2015,30
121,orci121,user/lib/music/orci121.als,3/23/2012,27
122,massa122,user/lib/music/massa122.als,6/30/2021,162
123,vestibulum aliquet123,user/lib/music/vestibulum_aliquet123.als,9/17/2012,208
124,auctor gravida124,user/lib/music/auctor_gravida124.als,10/9/2019,86
125,rutrum ac lobortis125,user/lib/music/rutrum_ac_lobortis125.als,5/12/2023,92
126,vel est donec126,user/lib/music/vel_est_donec126.als,11/12/2017,680
127,vel pede127,user/lib/music/vel_pede127.als,7/13/2017,426
128,curabitur in libero128,user/lib/music/curabitur_in_libero128.als,7/21/2022,516
129,sapien cursus129,user/lib/music/sapien_cursus129.als,4/6/2017,561
130,tincidunt eget tempus130,user/lib/music/tincidunt_eget_tempus130.als,10/19/2015,921
131,turpis adipiscing131,user/lib/music/turpis_adipiscing131.als,6/2/2018,526
132,urna pretium nisl132,user/lib/music/urna_pretium_nisl132.als,6/20/2008,628
133,consectetuer133,user/lib/music/consectetuer133.als,6/15/2010,289
134,augue quam sollicitudin134,user/lib/music/augue_quam_sollicitudin134.als,7/23/2008,831
135,ut135,user/lib/music/ut135.als,9/12/2013,69
136,sollicitudin136,user/lib/music/sollicitudin136.als,4/25/2011,517
137,ultrices137,user/lib/music/ultrices137.als,4/3/2013,150
138,posuere138,user/lib/music/posuere138.als,4/25/2023,57
139,pede139,user/lib/music/pede139.als,4/1/2022,748
140,in purus140,user/lib/music/in_purus140.als,11/9/2010,82
141,mauris141,user/lib/music/mauris141.als,6/21/2012,139
142,quis142,user/lib/music/quis142.als,5/27/2011,359
143,mauris143,user/lib/music/mauris143.als,6/2/2013,644
144,eget144,user/lib/music/eget144.als,2/16/2011,481
145,enim leo145,user/lib/music/enim_leo145.als,9/19/2013,601
146,velit146,user/lib/music/velit146.als,4/22/2018,138
147,vitae mattis nibh147,user/lib/music/vitae_mattis_nibh147.als,8/29/2010,862
148,volutpat148,user/lib/music/volutpat148.als,10/22/2013,271
149,ipsum praesent149,user/lib/music/ipsum_praesent149.als,2/25/2013,246
150,id nulla ultrices150,user/lib/music/id_nulla_ultrices150.als,8/20/2015,234
151,accumsan odio curabitur151,user/lib/music/accumsan_odio_curabitur151.als,10/3/2016,655
152,morbi porttitor lorem152,user/lib/music/morbi_porttitor_lorem152.als,3/1/2008,156
153,hac habitasse153,user/lib/music/hac_habitasse153.als,8/9/2022,255
154,consequat154,user/lib/music/consequat154.als,8/5/2017,1
155,arcu adipiscing155,user/lib/music/arcu_adipiscing155.als,12/2/2010,333
156,elit ac156,user/lib/music/elit_ac156.als,8/17/2008,770
157,turpis157,user/lib/music/turpis157.als,7/28/2014,283
158,faucibus orci158,user/lib/music/faucibus_orci158.als,9/19/2016,901
159,amet turpis159,user/lib/music/amet_turpis159.als,2/4/2013,407
160,volutpat dui160,user/lib/music/volutpat_dui160.als,10/19/2011,922
161,faucibus orci161,user/lib/music/faucibus_orci161.als,10/6/2020,728
162,amet lobortis162,user/lib/music/amet_lobortis162.als,11/14/2016,708
163,pede morbi porttitor163,user/lib/music/pede_morbi_porttitor163.als,1/1/2013,773
164,morbi porttitor lorem164,user/lib/music/morbi_porttitor_lorem164.als,2/28/2009,683
165,sit165,user/lib/music/sit165.als,10/2/2020,296
166,nunc vestibulum166,user/lib/music/nunc_vestibulum166.als,10/1/2016,837
167,id justo sit167,user/lib/music/id_justo_sit167.als,8/10/2023,954
168,vivamus metus arcu168,user/lib/music/vivamus_metus_arcu168.als,12/12/2011,869
169,justo etiam169,user/lib/music/justo_etiam169.als,11/21/2021,253
170,nunc rhoncus dui170,user/lib/music/nunc_rhoncus_dui170.als,11/21/2021,812
171,vestibulum sit amet171,user/lib/music/vestibulum_sit_amet171.als,2/4/2014,355
172,duis consequat172,user/lib/music/duis_consequat172.als,6/27/2014,711
173,rutrum neque173,user/lib/music/rutrum_neque173.als,6/16/2016,124
174,proin eu mi174,user/lib/music/proin_eu_mi174.als,8/25/2022,366
175,curae175,user/lib/music/curae175.als,11/21/2018,237
176,nisi at176,user/lib/music/nisi_at176.als,10/15/2011,608
177,pellentesque177,user/lib/music/pellentesque177.als,2/9/2018,438
178,pede justo eu178,user/lib/music/pede_justo_eu178.als,3/19/2014,32
179,purus phasellus in179,user/lib/music/purus_phasellus_in179.als,6/8/2013,377
180,etiam pretium iaculis180,user/lib/music/etiam_pretium_iaculis180.als,11/22/2021,526
181,vulputate181,user/lib/music/vulputate181.als,1/21/2015,552
182,odio elementum182,user/lib/music/odio_elementum182.als,12/18/2021,983
183,donec183,user/lib/music/donec183.als,10/1/2012,748
184,et184,user/lib/music/et184.als,6/26/2020,502
185,mi integer ac185,user/lib/music/mi_integer_ac185.als,6/26/2016,408
186,convallis nunc186,user/lib/music/convallis_nunc186.als,7/28/2013,330
187,lacinia sapien quis187,user/lib/music/lacinia_sapien_quis187.als,10/14/2023,31
188,elementum eu interdum188,user/lib/music/elementum_eu_interdum188.als,9/23/2017,822
189,sit amet justo189,user/lib/music/sit_amet_justo189.als,6/29/2015,274
190,purus phasellus in190,user/lib/music/purus_phasellus_in190.als,10/20/2022,523
191,velit191,user/lib/music/velit191.als,12/8/2014,217
192,nunc rhoncus192,user/lib/music/nunc_rhoncus192.als,7/26/2012,400
193,id193,user/lib/music/id193.als,3/21/2014,863
194,varius integer ac194,user/lib/music/varius_integer_ac194.als,10/2/2017,823
195,lectus aliquam195,user/lib/music/lectus_aliquam195.als,12/10/2013,408
196,nulla suscipit ligula196,user/lib/music/nulla_suscipit_ligula196.als,11/20/2018,55
197,augue197,user/lib/music/augue197.als,5/10/2009,144
198,pharetra198,user/lib/music/pharetra198.als,8/24/2016,827
199,lectus199,user/lib/music/lectus199.als,12/21/2012,671
200,in sapien iaculis200,user/lib/music/in_sapien_iaculis200.als,7/13/2008,823
